location,density_per_km
Argentina-Buenos_Aires,12625.80078125
Argentina-CABA,12625.80078125
Argentina-Cordoba,2404.10888671875
Argentina-Entre_Rios,72.49529266357422
Argentina-Santa_Fe,208.09228515625
Argentina-Chaco,121.33164978027344
Argentina-Corrientes,837.728515625
Argentina-Formosa,41.44081115722656
Argentina-Misiones,414.0570068359375
Argentina-Catamarca,460.1535949707031
Argentina-Jujuy,146.10845947265625
Argentina-Salta,347.3858642578125
Argentina-Sgo_Del_Estero,138.02670288085938
Argentina-Tucuman,6299.4775390625
Argentina-La_Rioja,17.69784164428711
Argentina-San_Luis,19.511531829833984
Argentina-Mendoza,2292.4931640625
Argentina-San_Juan,3898.334716796875
Argentina-Chubut,37.09564208984375
Argentina-La_Pampa,46.056724548339844
Argentina-Rio_Negro,7.440681457519531
Argentina-Santa_Cruz,4.219663619995117
Argentina-Neuquen,64.00892639160156
Argentina-Tierra_del_Fuego,8.575727462768555
Brazil-Alagoas,17.653419494628906
Brazil-Bahia,18.942054748535156
Brazil-Ceara,49.29203796386719
Brazil-Maranhao,11.193903923034668
Brazil-Paraiba,4.566781044006348
Brazil-Pernambuco,6.583462238311768
Brazil-Piaui,6.173742294311523
Brazil-Rio_Grande_do_Norte,4.769876003265381
Brazil-Sergipe,105.86270141601562
Brazil-Espirito_Santo,17.386295318603516
Brazil-Minas_Gerais,1.631079912185669
Brazil-Rio_de_Janeiro,1505.10546875
Brazil-Sao_Paulo,15765.923828125
Brazil-Acre,0.4666447043418884
Brazil-Amapa,281.2562561035156
Brazil-Amazonas,0.33221176266670227
Brazil-Para,12.257213592529297
Brazil-Rondonia,0.0029298814479261637
Brazil-Roraima,0.3885240852832794
Brazil-Tocantins,815.6812133789062
Brazil-Distrito_Federal,717.4830932617188
Brazil-Goias,1.83249831199646
Brazil-Mato_Grosso,0.1857762336730957
Brazil-Mato_Grosso_do_Sul,14.969072341918945
Brazil-Parana,3.277939558029175
Brazil-Santa_Catarina,1.2347524166107178
Brazil-Rio_Grande_do_Sul,14425.5654296875
Colombia-Antioquia-Medellin,8364.98046875
Colombia-Antioquia-Abejorral,55.142494201660156
Colombia-Antioquia-Abriaqui,12.82225227355957
Colombia-Antioquia-Alejandria,42.18308639526367
Colombia-Antioquia-Amaga,458.28125
Colombia-Antioquia-Amalfi,23.62702178955078
Colombia-Antioquia-Andes,2924.9482421875
Colombia-Antioquia-Angelopolis,129.97012329101562
Colombia-Antioquia-Angostura,54.16404342651367
Colombia-Antioquia-Anori,14.78940200805664
Colombia-Antioquia-Santafe_De_Antioquia,64.49037170410156
Colombia-Antioquia-Anza,44.35679244995117
Colombia-Antioquia-Apartado,337.5601806640625
Colombia-Antioquia-Arboletes,55.344398498535156
Colombia-Antioquia-Argelia,57.34016799926758
Colombia-Antioquia-Armenia,3085.7080078125
Colombia-Antioquia-Barbosa,286.28314208984375
Colombia-Antioquia-Belmira,30.92174530029297
Colombia-Antioquia-Bello,3486.7861328125
Colombia-Antioquia-Betania,82.35179138183594
Colombia-Antioquia-Betulia,83.95919799804688
Colombia-Antioquia-Ciudad_Bolivar,142.63839721679688
Colombia-Antioquia-Briceno,50.83168411254883
Colombia-Antioquia-Buritica,26.791255950927734
Colombia-Antioquia-Caceres,21.32377815246582
Colombia-Antioquia-Caicedo,55.11973571777344
Colombia-Antioquia-Caldas,8.757612228393555
Colombia-Antioquia-Campamento,66.44415283203125
Colombia-Antioquia-Canasgordas,64.67404174804688
Colombia-Antioquia-Caracoli,25.767934799194336
Colombia-Antioquia-Caramanta,84.28153991699219
Colombia-Antioquia-Carepa,154.77517700195312
Colombia-Antioquia-El_Carmen_De_Viboral,129.7296905517578
Colombia-Antioquia-Carolina,32.444007873535156
Colombia-Antioquia-Caucasia,88.91580200195312
Colombia-Antioquia-Chigorodo,113.80782318115234
Colombia-Antioquia-Cisneros,248.60015869140625
Colombia-Antioquia-Cocorna,93.2120361328125
Colombia-Antioquia-Concepcion,35.369972229003906
Colombia-Antioquia-Concordia,124.53290557861328
Colombia-Antioquia-Copacabana,1293.366455078125
Colombia-Antioquia-Dabeiba,16.775135040283203
Colombia-Antioquia-Don_Matias,122.27017211914062
Colombia-Antioquia-Ebejico,72.86564636230469
Colombia-Antioquia-El_Bagre,38.43832778930664
Colombia-Antioquia-Entrerrios,57.6029052734375
Colombia-Antioquia-Envigado,6334.333984375
Colombia-Antioquia-Fredonia,126.83094787597656
Colombia-Antioquia-Frontino,20.671184539794922
Colombia-Antioquia-Giraldo,45.74617004394531
Colombia-Antioquia-Girardota,720.173583984375
Colombia-Antioquia-Gomez_Plata,47.22704315185547
Colombia-Antioquia-Granada,248.09783935546875
Colombia-Antioquia-Guadalupe,27.775283813476562
Colombia-Antioquia-Guarne,334.3699951171875
Colombia-Antioquia-Guatape,135.56866455078125
Colombia-Antioquia-Heliconia,80.48707580566406
Colombia-Antioquia-Hispania,119.45542907714844
Colombia-Antioquia-Itagui,13706.1240234375
Colombia-Antioquia-Ituango,15.382405281066895
Colombia-Antioquia-Jardin,99.99433898925781
Colombia-Antioquia-Jerico,87.2789306640625
Colombia-Antioquia-La_Ceja,476.36138916015625
Colombia-Antioquia-La_Estrella,2162.5107421875
Colombia-Antioquia-La_Pintada,174.8401336669922
Colombia-Antioquia-La_Union,392.4222412109375
Colombia-Antioquia-Liborina,61.18115997314453
Colombia-Antioquia-Maceo,26.102249145507812
Colombia-Antioquia-Marinilla,554.3917236328125
Colombia-Antioquia-Montebello,137.88009643554688
Colombia-Antioquia-Murindo,3.732408285140991
Colombia-Antioquia-Mutata,18.64676284790039
Colombia-Antioquia-Narino,118.5054931640625
Colombia-Antioquia-Necocli,53.03141784667969
Colombia-Antioquia-Nechi,31.36363983154297
Colombia-Antioquia-Olaya,53.7917366027832
Colombia-Antioquia-Peque,30.66445541381836
Colombia-Antioquia-Pueblorrico,152.389892578125
Colombia-Antioquia-Puerto_Berrio,41.3391227722168
Colombia-Antioquia-Puerto_Nare,43.09421920776367
Colombia-Antioquia-Puerto_Triunfo,64.41947174072266
Colombia-Antioquia-Remedios,15.855560302734375
Colombia-Antioquia-Retiro,89.2931137084961
Colombia-Antioquia-Rionegro,704.0064697265625
Colombia-Antioquia-Sabanalarga,43.34637451171875
Colombia-Antioquia-Sabaneta,7823.7890625
Colombia-Antioquia-Salgar,85.59178161621094
Colombia-Antioquia-San_Andres_De_Cuerquia,46.73814392089844
Colombia-Antioquia-San_Carlos,30.70911407470703
Colombia-Antioquia-San_Francisco,97.35760498046875
Colombia-Antioquia-San_Jeronimo,98.97640991210938
Colombia-Antioquia-San_Jose_De_La_Montana,34.23534393310547
Colombia-Antioquia-San_Juan_De_Uraba,115.20352172851562
Colombia-Antioquia-San_Luis,29.677377700805664
Colombia-Antioquia-San_Pedro,111.39256286621094
Colombia-Antioquia-San_Pedro_De_Uraba,68.20747375488281
Colombia-Antioquia-San_Rafael,52.75005340576172
Colombia-Antioquia-San_Roque,59.50830078125
Colombia-Antioquia-San_Vicente,124.06637573242188
Colombia-Antioquia-Santa_Barbara,156.28073120117188
Colombia-Antioquia-Santa_Rosa_De_Osos,51.25154113769531
Colombia-Antioquia-Santo_Domingo,60.77382278442383
Colombia-Antioquia-El_Santuario,472.5284729003906
Colombia-Antioquia-Segovia,29.871097564697266
Colombia-Antioquia-Sonson,40.08177185058594
Colombia-Antioquia-Sopetran,86.94114685058594
Colombia-Antioquia-Tamesis,89.3975830078125
Colombia-Antioquia-Taraza,26.55829620361328
Colombia-Antioquia-Tarso,82.61698913574219
Colombia-Antioquia-Titiribi,131.30001831054688
Colombia-Antioquia-Toledo,12.223987579345703
Colombia-Antioquia-Turbo,56.252159118652344
Colombia-Antioquia-Uramita,43.324092864990234
Colombia-Antioquia-Urrao,21.160655975341797
Colombia-Antioquia-Valdivia,42.41305923461914
Colombia-Antioquia-Valparaiso,69.23680877685547
Colombia-Antioquia-Vegachi,27.968313217163086
Colombia-Antioquia-Venecia,131.57275390625
Colombia-Antioquia-Vigia_Del_Fuerte,4.052924633026123
Colombia-Antioquia-Yali,24.220314025878906
Colombia-Antioquia-Yarumal,78.73828125
Colombia-Antioquia-Yolombo,28.049304962158203
Colombia-Antioquia-Yondo,11.658662796020508
Colombia-Antioquia-Zaragoza,32.113407135009766
Colombia-Barranquilla-Barranquilla,9729.59375
Colombia-Atlantico-Baranoa,576.044921875
Colombia-Atlantico-Campo_De_La_Cruz,159.59335327148438
Colombia-Atlantico-Candelaria,6356.5986328125
Colombia-Atlantico-Galapa,725.1578369140625
Colombia-Atlantico-Juan_De_Acosta,124.66590881347656
Colombia-Atlantico-Luruaco,140.754150390625
Colombia-Atlantico-Malambo,1617.722412109375
Colombia-Atlantico-Manati,91.44105529785156
Colombia-Atlantico-Palmar_De_Varela,393.6209716796875
Colombia-Atlantico-Piojo,15.187854766845703
Colombia-Atlantico-Polonuevo,252.48667907714844
Colombia-Atlantico-Ponedera,253.84890747070312
Colombia-Atlantico-Puerto_Colombia,462.7320556640625
Colombia-Atlantico-Repelon,116.710693359375
Colombia-Atlantico-Sabanagrande,1118.43017578125
Colombia-Atlantico-Sabanalarga,43.34637451171875
Colombia-Atlantico-Santa_Lucia,174.03887939453125
Colombia-Atlantico-Santo_Tomas,402.8623352050781
Colombia-Atlantico-Soledad,16292.470703125
Colombia-Atlantico-Suan,205.66729736328125
Colombia-Atlantico-Tubara,73.66865539550781
Colombia-Atlantico-Usiacuri,102.54893493652344
Colombia-Cartagena-Cartagena,2154.119873046875
Colombia-Bolivar-Achi,44.79246520996094
Colombia-Bolivar-Altos_Del_Rosario,65.42057800292969
Colombia-Bolivar-Arenal,57.62712860107422
Colombia-Bolivar-Arjona,174.30429077148438
Colombia-Bolivar-Arroyohondo,75.13993835449219
Colombia-Bolivar-Barranco_De_Loba,72.04428100585938
Colombia-Bolivar-Calamar,103.30137634277344
Colombia-Bolivar-Cantagallo,17.007299423217773
Colombia-Bolivar-Cicuco,149.92495727539062
Colombia-Bolivar-Cordoba,73.65008544921875
Colombia-Bolivar-Clemencia,184.33612060546875
Colombia-Bolivar-El_Carmen_De_Bolivar,80.45402526855469
Colombia-Bolivar-El_Guamo,75.12352752685547
Colombia-Bolivar-El_Penon,141.2722625732422
Colombia-Bolivar-Hatillo_De_Loba,81.2439956665039
Colombia-Bolivar-Magangue,172.19482421875
Colombia-Bolivar-Mahates,82.85823822021484
Colombia-Bolivar-Margarita,104.08787536621094
Colombia-Bolivar-Maria_La_Baja,125.76260375976562
Colombia-Bolivar-Montecristo,16.49569320678711
Colombia-Bolivar-Mompos,77.58861541748047
Colombia-Bolivar-Norosi,20.501041412353516
Colombia-Bolivar-Morales,61.24256134033203
Colombia-Bolivar-Pinillos,769.66943359375
Colombia-Bolivar-Regidor,40.18206024169922
Colombia-Bolivar-Rio_Viejo,20.501041412353516
Colombia-Bolivar-San_Cristobal,169.1943817138672
Colombia-Bolivar-San_Estanislao,83.22530364990234
Colombia-Bolivar-San_Fernando,53.17511749267578
Colombia-Bolivar-San_Jacinto,42.405731201171875
Colombia-Bolivar-San_Jacinto_Del_Cauca,40.66033935546875
Colombia-Bolivar-San_Juan_Nepomuceno,53.32006072998047
Colombia-Bolivar-San_Martin_De_Loba,41.110008239746094
Colombia-Bolivar-San_Pablo,26.240144729614258
Colombia-Bolivar-Santa_Catalina,277.560302734375
Colombia-Bolivar-Santa_Rosa,158.7386932373047
Colombia-Bolivar-Santa_Rosa_Del_Sur,25.192306518554688
Colombia-Bolivar-Simiti,13.612668991088867
Colombia-Bolivar-Soplaviento,145.0684051513672
Colombia-Bolivar-Talaigua_Nuevo,62.86188507080078
Colombia-Bolivar-Tiquisio,430.577392578125
Colombia-Bolivar-Turbaco,600.6116943359375
Colombia-Bolivar-Turbana,120.36943817138672
Colombia-Bolivar-Villanueva,112.98785400390625
Colombia-Bolivar-Zambrano,44.17820358276367
Colombia-Boyaca-Tunja,2004.09033203125
Colombia-Boyaca-Almeida,21.245033264160156
Colombia-Boyaca-Aquitania,19.172607421875
Colombia-Boyaca-Arcabuco,41.8131103515625
Colombia-Boyaca-Belen,8364.98046875
Colombia-Boyaca-Berbeo,31.950740814208984
Colombia-Boyaca-Beteitiva,20.47737693786621
Colombia-Boyaca-Boavita,33.89521408081055
Colombia-Boyaca-Boyaca,112.85114288330078
Colombia-Boyaca-Briceno,50.83168411254883
Colombia-Boyaca-Buenavista,57.58235168457031
Colombia-Boyaca-Busbanza,54.473514556884766
Colombia-Boyaca-Caldas,8.757612228393555
Colombia-Boyaca-Campohermoso,12.799112319946289
Colombia-Boyaca-Cerinza,55.994537353515625
Colombia-Boyaca-Chinavita,29.287662506103516
Colombia-Boyaca-Chiquinquira,479.3590087890625
Colombia-Boyaca-Chiscas,6.829509258270264
Colombia-Boyaca-Chita,10.64274787902832
Colombia-Boyaca-Chitaraque,38.511024475097656
Colombia-Boyaca-Chivata,155.325439453125
Colombia-Boyaca-Cienega,98.46766662597656
Colombia-Boyaca-Combita,113.19453430175781
Colombia-Boyaca-Coper,21.513351440429688
Colombia-Boyaca-Corrales,38.94173812866211
Colombia-Boyaca-Covarachia,24.326738357543945
Colombia-Boyaca-Cubara,6.406479835510254
Colombia-Boyaca-Cucaita,118.83733367919922
Colombia-Boyaca-Cuitiva,60.27125930786133
Colombia-Boyaca-Chiquiza,43.8023567199707
Colombia-Boyaca-Chivor,11.939599990844727
Colombia-Boyaca-Duitama,484.5221862792969
Colombia-Boyaca-El_Cocuy,19.45735740661621
Colombia-Boyaca-El_Espino,12.674837112426758
Colombia-Boyaca-Firavitoba,58.94674301147461
Colombia-Boyaca-Floresta,54.967018127441406
Colombia-Boyaca-Gachantiva,30.242488861083984
Colombia-Boyaca-Gameza,41.10844421386719
Colombia-Boyaca-Garagoa,100.31993103027344
Colombia-Boyaca-Guacamayas,26.620424270629883
Colombia-Boyaca-Guateque,288.4057312011719
Colombia-Boyaca-Guayata,30.692609786987305
Colombia-Boyaca-Guican,7.331421852111816
Colombia-Boyaca-Iza,79.20668029785156
Colombia-Boyaca-Jenesano,118.29093170166016
Colombia-Boyaca-Jerico,87.2789306640625
Colombia-Boyaca-Labranzagrande,8.799446105957031
Colombia-Boyaca-La_Capilla,41.17617416381836
Colombia-Boyaca-La_Victoria,96.78067779541016
Colombia-Boyaca-La_Uvita,15.800785064697266
Colombia-Boyaca-Villa_De_Leyva,183.64120483398438
Colombia-Boyaca-Macanal,28.254642486572266
Colombia-Boyaca-Maripi,46.40650177001953
Colombia-Boyaca-Miraflores,1.292675256729126
Colombia-Boyaca-Mongua,17.50701141357422
Colombia-Boyaca-Mongui,85.9007568359375
Colombia-Boyaca-Moniquira,112.96739196777344
Colombia-Boyaca-Motavita,207.88783264160156
Colombia-Boyaca-Muzo,57.50408172607422
Colombia-Boyaca-Nobsa,406.2156982421875
Colombia-Boyaca-Nuevo_Colon,149.13882446289062
Colombia-Boyaca-Oicata,57.07761001586914
Colombia-Boyaca-Otanche,23.769168853759766
Colombia-Boyaca-Pachavita,31.739633560180664
Colombia-Boyaca-Paez,21.04546356201172
Colombia-Boyaca-Paipa,116.17091369628906
Colombia-Boyaca-Pajarito,3.6507949829101562
Colombia-Boyaca-Panqueba,32.06928253173828
Colombia-Boyaca-Pauna,48.82359313964844
Colombia-Boyaca-Paya,6.490078926086426
Colombia-Boyaca-Paz_De_Rio,36.144710540771484
Colombia-Boyaca-Pesca,22.958444595336914
Colombia-Boyaca-Pisba,2.541586399078369
Colombia-Boyaca-Puerto_Boyaca,66.1268539428711
Colombia-Boyaca-Quipama,37.67036437988281
Colombia-Boyaca-Ramiriqui,78.8746337890625
Colombia-Boyaca-Raquira,74.86212158203125
Colombia-Boyaca-Rondon,18.128368377685547
Colombia-Boyaca-Saboya,54.05162811279297
Colombia-Boyaca-Sachica,61.02427291870117
Colombia-Boyaca-Samaca,159.00762939453125
Colombia-Boyaca-San_Eduardo,16.461944580078125
Colombia-Boyaca-San_Jose_De_Pare,77.82357788085938
Colombia-Boyaca-San_Luis_De_Gaceno,11.158578872680664
Colombia-Boyaca-San_Mateo,22.39105987548828
Colombia-Boyaca-San_Miguel_De_Sema,51.11933898925781
Colombia-Boyaca-San_Pablo_De_Borbur,60.62064743041992
Colombia-Boyaca-Santana,117.30674743652344
Colombia-Boyaca-Santa_Maria,282.2861328125
Colombia-Boyaca-Santa_Rosa_De_Viterbo,118.8472900390625
Colombia-Boyaca-Santa_Sofia,32.03833770751953
Colombia-Boyaca-Sativanorte,12.182180404663086
Colombia-Boyaca-Sativasur,15.277400016784668
Colombia-Boyaca-Siachoque,68.74376678466797
Colombia-Boyaca-Soata,33.78831481933594
Colombia-Boyaca-Socota,18.36050033569336
Colombia-Boyaca-Socha,46.377220153808594
Colombia-Boyaca-Sogamoso,603.165771484375
Colombia-Boyaca-Somondoco,58.16371536254883
Colombia-Boyaca-Sora,71.98502349853516
Colombia-Boyaca-Sotaquira,27.180431365966797
Colombia-Boyaca-Soraca,98.43385314941406
Colombia-Boyaca-Susacon,14.429356575012207
Colombia-Boyaca-Sutamarchan,64.00726318359375
Colombia-Boyaca-Sutatenza,147.81581115722656
Colombia-Boyaca-Tasco,29.06585693359375
Colombia-Boyaca-Tenza,90.52860260009766
Colombia-Boyaca-Tibana,80.02478790283203
Colombia-Boyaca-Tibasosa,196.29446411132812
Colombia-Boyaca-Tinjaca,37.928672790527344
Colombia-Boyaca-Tipacoque,45.955718994140625
Colombia-Boyaca-Toca,66.76347351074219
Colombia-Boyaca-Togui,126.3458251953125
Colombia-Boyaca-Topaga,124.10810089111328
Colombia-Boyaca-Tota,34.58177185058594
Colombia-Boyaca-Tunungua,62.96299743652344
Colombia-Boyaca-Turmeque,60.88636016845703
Colombia-Boyaca-Tuta,68.87884521484375
Colombia-Boyaca-Tutaza,15.604297637939453
Colombia-Boyaca-Umbita,78.76686096191406
Colombia-Boyaca-Ventaquemada,126.34580993652344
Colombia-Boyaca-Viracacha,52.383460998535156
Colombia-Boyaca-Zetaquira,18.266706466674805
Colombia-Caldas-Manizales,1017.676025390625
Colombia-Caldas-Aguadas,26.562015533447266
Colombia-Caldas-Anserma,143.80563354492188
Colombia-Caldas-Aranzazu,68.08667755126953
Colombia-Caldas-Belalcazar,94.54801940917969
Colombia-Caldas-Chinchina,452.12249755859375
Colombia-Caldas-Filadelfia,57.02490234375
Colombia-Caldas-La_Dorada,135.54922485351562
Colombia-Caldas-La_Merced,44.361961364746094
Colombia-Caldas-Manzanares,102.74285888671875
Colombia-Caldas-Marmato,277.91455078125
Colombia-Caldas-Marquetalia,187.77847290039062
Colombia-Caldas-Marulanda,8.757612228393555
Colombia-Caldas-Neira,94.10636901855469
Colombia-Caldas-Norcasia,30.167184829711914
Colombia-Caldas-Pacora,46.091148376464844
Colombia-Caldas-Palestina,128.70855712890625
Colombia-Caldas-Pensilvania,58.24413299560547
Colombia-Caldas-Riosucio,192.26358032226562
Colombia-Caldas-Risaralda,20.683517456054688
Colombia-Caldas-Salamina,42.82763671875
Colombia-Caldas-Samana,33.77660369873047
Colombia-Caldas-San_Jose,116.93104553222656
Colombia-Caldas-Supia,253.67889404296875
Colombia-Caldas-Victoria,21.41326141357422
Colombia-Caldas-Villamaria,529.50390625
Colombia-Caldas-Viterbo,94.9873046875
Colombia-Caqueta-Florencia,91.65093994140625
Colombia-Caqueta-Albania,65.84765625
Colombia-Caqueta-Belen_De_Los_Andaquies,12.226371765136719
Colombia-Caqueta-Cartagena_Del_Chaira,3.1978578567504883
Colombia-Caqueta-Curillo,22.507667541503906
Colombia-Caqueta-El_Doncello,25.291563034057617
Colombia-Caqueta-El_Paujil,22.047117233276367
Colombia-Caqueta-La_Montanita,16.708717346191406
Colombia-Caqueta-Milan,85.94415283203125
Colombia-Caqueta-Morelia,18.98479461669922
Colombia-Caqueta-Puerto_Rico,10.08099365234375
Colombia-Caqueta-San_Jose_Del_Fragua,13.083183288574219
Colombia-Caqueta-San_Vicente_Del_Caguan,6.8502302169799805
Colombia-Caqueta-Solano,12.644247055053711
Colombia-Caqueta-Solita,12.51083755493164
Colombia-Caqueta-Valparaiso,69.23680877685547
Colombia-Cauca-Popayan,794.1865234375
Colombia-Cauca-Almaguer,112.57405090332031
Colombia-Cauca-Argelia,57.34016799926758
Colombia-Cauca-Balboa,81.27748107910156
Colombia-Cauca-Bolivar,31.51944923400879
Colombia-Cauca-Buenos_Aires,255.87738037109375
Colombia-Cauca-Cajibio,89.85438537597656
Colombia-Cauca-Caldono,120.23208618164062
Colombia-Cauca-Caloto,120.19901275634766
Colombia-Cauca-Corinto,138.30630493164062
Colombia-Cauca-El_Tambo,20.992656707763672
Colombia-Cauca-Florencia,91.65093994140625
Colombia-Cauca-Guachene,120.19902801513672
Colombia-Cauca-Guapi,14.487380981445312
Colombia-Cauca-Inza,46.180564880371094
Colombia-Cauca-Jambalo,109.16036987304688
Colombia-Cauca-La_Sierra,54.94586181640625
Colombia-Cauca-La_Vega,107.90977478027344
Colombia-Cauca-Lopez,6.638099670410156
Colombia-Cauca-Mercaderes,30.15515899658203
Colombia-Cauca-Miranda,343.69183349609375
Colombia-Cauca-Morales,61.24256134033203
Colombia-Cauca-Padilla,169.24960327148438
Colombia-Cauca-Paez,21.04546356201172
Colombia-Cauca-Patia,60.85605239868164
Colombia-Cauca-Piamonte,9.376367568969727
Colombia-Cauca-Piendamo,20.992656707763672
Colombia-Cauca-Puerto_Tejada,446.1581115722656
Colombia-Cauca-Purace,40.30512619018555
Colombia-Cauca-Rosas,104.84890747070312
Colombia-Cauca-San_Sebastian,50.150699615478516
Colombia-Cauca-Santander_De_Quilichao,227.665771484375
Colombia-Cauca-Santa_Rosa,158.7386932373047
Colombia-Cauca-Silvia,53.36811065673828
Colombia-Cauca-Sotara,50.6871337890625
Colombia-Cauca-Suarez,31.04425048828125
Colombia-Cauca-Sucre,27.961681365966797
Colombia-Cauca-Timbio,211.18222045898438
Colombia-Cauca-Timbiqui,9.140382766723633
Colombia-Cauca-Toribio,79.82061767578125
Colombia-Cauca-Totoro,59.67414855957031
Colombia-Cauca-Villa_Rica,20.992656707763672
Colombia-Cesar-Valledupar,138.6951904296875
Colombia-Cesar-Aguachica,132.720458984375
Colombia-Cesar-Agustin_Codazzi,31.474063873291016
Colombia-Cesar-Astrea,30.890939712524414
Colombia-Cesar-Becerril,12.099706649780273
Colombia-Cesar-Bosconia,79.32781982421875
Colombia-Cesar-Chimichagua,28.669498443603516
Colombia-Cesar-Chiriguana,19.068553924560547
Colombia-Cesar-Curumani,28.609195709228516
Colombia-Cesar-El_Copey,28.886348724365234
Colombia-Cesar-El_Paso,30.683998107910156
Colombia-Cesar-Gamarra,58.70481872558594
Colombia-Cesar-Gonzalez,63.42012023925781
Colombia-Cesar-La_Gloria,17.940231323242188
Colombia-Cesar-La_Jagua_De_Ibirico,29.264272689819336
Colombia-Cesar-Manaure,151.8955078125
Colombia-Cesar-Pailitas,36.18375778198242
Colombia-Cesar-Pelaya,50.531982421875
Colombia-Cesar-Pueblo_Bello,38.47894287109375
Colombia-Cesar-Rio_De_Oro,34.580718994140625
Colombia-Cesar-La_Paz,18.442760467529297
Colombia-Cesar-San_Alberto,52.75319290161133
Colombia-Cesar-San_Diego,22.47832489013672
Colombia-Cesar-San_Martin,4.8640546798706055
Colombia-Cesar-Tamalameque,35.25251007080078
Colombia-Cordoba-Monteria,184.19918823242188
Colombia-Cordoba-Ayapel,36.65966796875
Colombia-Cordoba-Buenavista,57.58235168457031
Colombia-Cordoba-Canalete,75.49542236328125
Colombia-Cordoba-Cerete,424.603271484375
Colombia-Cordoba-Chima,19.60552406311035
Colombia-Cordoba-Chinu,102.71328735351562
Colombia-Cordoba-Cienaga_De_Oro,129.21084594726562
Colombia-Cordoba-Cotorra,226.1307830810547
Colombia-Cordoba-La_Apartada,73.09503936767578
Colombia-Cordoba-Lorica,162.05014038085938
Colombia-Cordoba-Los_Cordobas,91.78590393066406
Colombia-Cordoba-Momil,125.93067932128906
Colombia-Cordoba-Montelibano,73.65008544921875
Colombia-Cordoba-Monitos,161.70062255859375
Colombia-Cordoba-Planeta_Rica,68.29187774658203
Colombia-Cordoba-Pueblo_Nuevo,62.62384796142578
Colombia-Cordoba-Puerto_Escondido,121.39364624023438
Colombia-Cordoba-Puerto_Libertador,55.85897445678711
Colombia-Cordoba-Purisima,143.8250732421875
Colombia-Cordoba-Sahagun,445.0029296875
Colombia-Cordoba-San_Andres_Sotavento,321.89288330078125
Colombia-Cordoba-San_Antero,27.03122329711914
Colombia-Cordoba-San_Bernardo_Del_Viento,196.05459594726562
Colombia-Cordoba-San_Carlos,30.70911407470703
Colombia-Cordoba-San_Jose_De_Ure,32.19977569580078
Colombia-Cordoba-San_Pelayo,108.6612548828125
Colombia-Cordoba-Tierralta,32.00654602050781
Colombia-Cordoba-Tuchin,321.89288330078125
Colombia-Cordoba-Valencia,60.35798645019531
Colombia-Cundinamarca-Agua_De_Dios,142.59619140625
Colombia-Cundinamarca-Alban,145.13699340820312
Colombia-Cundinamarca-Anapoima,140.11996459960938
Colombia-Cundinamarca-Anolaima,114.59786987304688
Colombia-Cundinamarca-Arbelaez,71.96588897705078
Colombia-Cundinamarca-Beltran,18.441083908081055
Colombia-Cundinamarca-Bituima,39.942626953125
Colombia-Cundinamarca-Bojaca,189.27285766601562
Colombia-Cundinamarca-Cabrera,11.652786254882812
Colombia-Cundinamarca-Cachipay,26.044479370117188
Colombia-Cundinamarca-Cajica,1511.55322265625
Colombia-Cundinamarca-Caparrapi,26.044479370117188
Colombia-Cundinamarca-Caqueza,151.567138671875
Colombia-Cundinamarca-Carmen_De_Carupa,30.474632263183594
Colombia-Cundinamarca-Chaguani,18.22469711303711
Colombia-Cundinamarca-Chia,3129.078125
Colombia-Cundinamarca-Chipaque,61.96161651611328
Colombia-Cundinamarca-Choachi,55.534725189208984
Colombia-Cundinamarca-Choconta,100.39677429199219
Colombia-Cundinamarca-Cogua,221.4049072265625
Colombia-Cundinamarca-Cota,691.8770751953125
Colombia-Cundinamarca-Cucunuba,57.16888427734375
Colombia-Cundinamarca-El_Colegio,33.78431701660156
Colombia-Cundinamarca-El_Penon,141.2722625732422
Colombia-Cundinamarca-El_Rosal,268.18768310546875
Colombia-Cundinamarca-Facatativa,1207.733154296875
Colombia-Cundinamarca-Fomeque,21.715307235717773
Colombia-Cundinamarca-Fosca,71.08856201171875
Colombia-Cundinamarca-Funza,1708.11474609375
Colombia-Cundinamarca-Fuquene,99.3134994506836
Colombia-Cundinamarca-Fusagasuga,827.1873779296875
Colombia-Cundinamarca-Gachala,15.958187103271484
Colombia-Cundinamarca-Gachancipa,590.7825927734375
Colombia-Cundinamarca-Gacheta,44.62459945678711
Colombia-Cundinamarca-Gama,38.33130645751953
Colombia-Cundinamarca-Girardot,837.5756225585938
Colombia-Cundinamarca-Granada,248.09783935546875
Colombia-Cundinamarca-Guacheta,75.54045104980469
Colombia-Cundinamarca-Guaduas,62.71321105957031
Colombia-Cundinamarca-Guasca,50.04190444946289
Colombia-Cundinamarca-Guataqui,29.845191955566406
Colombia-Cundinamarca-Guatavita,34.520721435546875
Colombia-Cundinamarca-Guayabal_De_Siquima,53.55732727050781
Colombia-Cundinamarca-Guayabetal,21.03957176208496
Colombia-Cundinamarca-Gutierrez,8.629764556884766
Colombia-Cundinamarca-Jerusalen,10.576728820800781
Colombia-Cundinamarca-Junin,20.10417938232422
Colombia-Cundinamarca-La_Calera,100.13961791992188
Colombia-Cundinamarca-La_Mesa,279.45074462890625
Colombia-Cundinamarca-La_Palma,32.31156921386719
Colombia-Cundinamarca-La_Pena,60.16960144042969
Colombia-Cundinamarca-La_Vega,107.90977478027344
Colombia-Cundinamarca-Lenguazaque,77.63383483886719
Colombia-Cundinamarca-Macheta,30.999141693115234
Colombia-Cundinamarca-Madrid,912.4944458007812
Colombia-Cundinamarca-Manta,25.481338500976562
Colombia-Cundinamarca-Medina,6.930237293243408
Colombia-Cundinamarca-Mosquera,2368.97509765625
Colombia-Cundinamarca-Narino,118.5054931640625
Colombia-Cundinamarca-Nemocon,161.92117309570312
Colombia-Cundinamarca-Nilo,266.924560546875
Colombia-Cundinamarca-Nimaima,165.4422149658203
Colombia-Cundinamarca-Nocaima,85.78996276855469
Colombia-Cundinamarca-Venecia,131.57275390625
Colombia-Cundinamarca-Pacho,68.88435363769531
Colombia-Cundinamarca-Paime,27.778947830200195
Colombia-Cundinamarca-Pandi,79.0210952758789
Colombia-Cundinamarca-Paratebueno,9.960029602050781
Colombia-Cundinamarca-Pasca,55.273643493652344
Colombia-Cundinamarca-Puerto_Salgar,56.326297760009766
Colombia-Cundinamarca-Puli,13.395011901855469
Colombia-Cundinamarca-Quebradanegra,54.092472076416016
Colombia-Cundinamarca-Quetame,64.83131408691406
Colombia-Cundinamarca-Quipile,49.87218475341797
Colombia-Cundinamarca-Apulo,76.23953247070312
Colombia-Cundinamarca-Rafael_Reyes_Apulo,76.23953247070312
Colombia-Cundinamarca-Ricaurte,144.20648193359375
Colombia-Cundinamarca-San_Antonio_Del_Tequendama,164.42251586914062
Colombia-Cundinamarca-San_Bernardo,53.832984924316406
Colombia-Cundinamarca-San_Cayetano,20.747108459472656
Colombia-Cundinamarca-San_Francisco,97.35760498046875
Colombia-Cundinamarca-San_Juan_De_Rio_Seco,29.90261459350586
Colombia-Cundinamarca-Sasaima,99.1518783569336
Colombia-Cundinamarca-Sesquile,847.25439453125
Colombia-Cundinamarca-Sibate,442.9566650390625
Colombia-Cundinamarca-Silvania,445.9001159667969
Colombia-Cundinamarca-Simijaca,160.80564880371094
Colombia-Cundinamarca-Soacha,4374.63720703125
Colombia-Cundinamarca-Sopo,444.2073974609375
Colombia-Cundinamarca-Subachoque,109.84715270996094
Colombia-Cundinamarca-Suesca,121.67234802246094
Colombia-Cundinamarca-Supata,31.61734390258789
Colombia-Cundinamarca-Susa,205.8980712890625
Colombia-Cundinamarca-Sutatausa,93.76985168457031
Colombia-Cundinamarca-Tabio,680.8092041015625
Colombia-Cundinamarca-Tausa,54.854408264160156
Colombia-Cundinamarca-Tena,213.12704467773438
Colombia-Cundinamarca-Tenjo,199.57635498046875
Colombia-Cundinamarca-Tibacuy,48.06416320800781
Colombia-Cundinamarca-Tibirita,45.34235382080078
Colombia-Cundinamarca-Tocaima,89.41734313964844
Colombia-Cundinamarca-Tocancipa,886.7030029296875
Colombia-Cundinamarca-Topaipi,23.713224411010742
Colombia-Cundinamarca-Ubala,22.858238220214844
Colombia-Cundinamarca-Ubaque,61.37033462524414
Colombia-Cundinamarca-Villa_De_San_Diego_De_Ubate,450.47344970703125
Colombia-Cundinamarca-Une,51.99644470214844
Colombia-Cundinamarca-Utica,64.50004577636719
Colombia-Cundinamarca-Vergara,33.12922668457031
Colombia-Cundinamarca-Viani,59.16471481323242
Colombia-Cundinamarca-Villagomez,31.91212272644043
Colombia-Cundinamarca-Villapinzon,97.66059875488281
Colombia-Cundinamarca-Villeta,180.4867401123047
Colombia-Cundinamarca-Viota,57.95500183105469
Colombia-Cundinamarca-Yacopi,16.72748565673828
Colombia-Cundinamarca-Zipacon,118.39439392089844
Colombia-Cundinamarca-Zipaquira,796.278564453125
Colombia-Choco-Quibdo,51.92168426513672
Colombia-Choco-Acandi,14.11434555053711
Colombia-Choco-Alto_Baudo,23.731918334960938
Colombia-Choco-Atrato,16.77385711669922
Colombia-Choco-Bagado,16.721435546875
Colombia-Choco-Bahia_Solano,12.644247055053711
Colombia-Choco-Bajo_Baudo,6.9947099685668945
Colombia-Choco-Belen_De_Bajira,15.98078441619873
Colombia-Choco-Bojaya,3.0633199214935303
Colombia-Choco-El_Canton_Del_San_Pablo,26.064125061035156
Colombia-Choco-Carmen_Del_Darien,51.28196716308594
Colombia-Choco-Certegui,31.06635284423828
Colombia-Choco-Condoto,39.06016540527344
Colombia-Choco-El_Carmen_De_Atrato,29.542293548583984
Colombia-Choco-El_Litoral_Del_San_Juan,5.384489059448242
Colombia-Choco-Istmina,17.612537384033203
Colombia-Choco-Jurado,2.2526731491088867
Colombia-Choco-Lloro,17.109172821044922
Colombia-Choco-Medio_Atrato,18.859970092773438
Colombia-Choco-Medio_Baudo,12.184701919555664
Colombia-Choco-Medio_San_Juan,2924.9482421875
Colombia-Choco-Novita,7.930196762084961
Colombia-Choco-Nuqui,17.05451202392578
Colombia-Choco-Rio_Iro,38.68492126464844
Colombia-Choco-Rio_Quito,18.333744049072266
Colombia-Choco-Riosucio,192.26358032226562
Colombia-Choco-San_Jose_Del_Palmar,2.465214729309082
Colombia-Choco-Sipi,4.528120040893555
Colombia-Choco-Tado,33.181819915771484
Colombia-Choco-Unguia,16.55914306640625
Colombia-Choco-Union_Panamericana,60.95066833496094
Colombia-Huila-Neiva,346.6219482421875
Colombia-Huila-Acevedo,80.50086975097656
Colombia-Huila-Agrado,41.52437973022461
Colombia-Huila-Aipe,49.711727142333984
Colombia-Huila-Algeciras,48.459983825683594
Colombia-Huila-Altamira,28.302005767822266
Colombia-Huila-Baraya,13.945610046386719
Colombia-Huila-Campoalegre,91.58766174316406
Colombia-Huila-Colombia,2924.9482421875
Colombia-Huila-Elias,54.64152526855469
Colombia-Huila-Garzon,201.63754272460938
Colombia-Huila-Gigante,88.45831298828125
Colombia-Huila-Guadalupe,27.775283813476562
Colombia-Huila-Hobo,45.694358825683594
Colombia-Huila-Iquira,45.16038513183594
Colombia-Huila-Isnos,85.671875
Colombia-Huila-La_Argentina,49.87434005737305
Colombia-Huila-La_Plata,70.69536590576172
Colombia-Huila-Nataga,52.726356506347656
Colombia-Huila-Oporapa,111.91206359863281
Colombia-Huila-Paicol,21.347715377807617
Colombia-Huila-Palermo,53.10063171386719
Colombia-Huila-Palestina,128.70855712890625
Colombia-Huila-Pital,86.00263977050781
Colombia-Huila-Pitalito,280.88555908203125
Colombia-Huila-Rivera,68.34196472167969
Colombia-Huila-Saladoblanco,29.972042083740234
Colombia-Huila-San_Agustin,29.44252586364746
Colombia-Huila-Santa_Maria,282.2861328125
Colombia-Huila-Suaza,67.19583129882812
Colombia-Huila-Tarqui,58.20409393310547
Colombia-Huila-Tesalia,28.25717544555664
Colombia-Huila-Tello,26.962867736816406
Colombia-Huila-Teruel,18.557655334472656
Colombia-Huila-Timana,114.81717681884766
Colombia-Huila-Villavieja,24.63377571105957
Colombia-Huila-Yaguara,39.447479248046875
Colombia-Guajira-Riohacha,125.90714263916016
Colombia-Guajira-Albania,65.84765625
Colombia-Guajira-Barrancas,66.3774642944336
Colombia-Guajira-Dibulla,28.433258056640625
Colombia-Guajira-Distraccion,76.53439331054688
Colombia-Guajira-El_Molino,47.589019775390625
Colombia-Guajira-Fonseca,83.34060668945312
Colombia-Guajira-Hatonuevo,153.46640014648438
Colombia-Guajira-La_Jagua_Del_Pilar,40.133697509765625
Colombia-Guajira-Maicao,119.93550872802734
Colombia-Guajira-Manaure,151.8955078125
Colombia-Guajira-San_Juan_Del_Cesar,29.451332092285156
Colombia-Guajira-Uribia,38.385215759277344
Colombia-Guajira-Urumita,105.7090835571289
Colombia-Guajira-Villanueva,112.98785400390625
Colombia-Sta_Marta_DE-Santa_Marta,282.2861328125
Colombia-Magdalena-Sitio_Nuevo,219.36732482910156
Colombia-Magdalena-Algarrobo,16.77385711669922
Colombia-Magdalena-Aracataca,33.81460952758789
Colombia-Magdalena-Ariguani,38.216041564941406
Colombia-Magdalena-Cerro_San_Antonio,143.1238555908203
Colombia-Magdalena-Chibolo,42.62583923339844
Colombia-Magdalena-Cienaga,98.46766662597656
Colombia-Magdalena-Concordia,124.53290557861328
Colombia-Magdalena-El_Banco,88.98571014404297
Colombia-Magdalena-El_Pinon,48.86759948730469
Colombia-Magdalena-El_Reten,105.46450805664062
Colombia-Magdalena-Fundacion,50.71869659423828
Colombia-Magdalena-Guamal,59.43313217163086
Colombia-Magdalena-Nueva_Granada,26.392684936523438
Colombia-Magdalena-Pedraza,32.60636520385742
Colombia-Magdalena-Pijino_Del_Carmen,35.267818450927734
Colombia-Magdalena-Pivijay,30.55436897277832
Colombia-Magdalena-Plato,52.140811920166016
Colombia-Magdalena-Puebloviejo,183.22695922851562
Colombia-Magdalena-Remolino,12.025056838989258
Colombia-Magdalena-Sabanas_De_San_Angel,16.77385711669922
Colombia-Magdalena-Salamina,42.82763671875
Colombia-Magdalena-San_Sebastian_De_Buenavista,50.25044250488281
Colombia-Magdalena-San_Zenon,69.98115539550781
Colombia-Magdalena-Santa_Ana,42.17991638183594
Colombia-Magdalena-Santa_Barbara_De_Pinto,42.18940734863281
Colombia-Magdalena-Sitionuevo,219.36732482910156
Colombia-Magdalena-Tenerife,35.3187255859375
Colombia-Magdalena-Zapayan,794.1865234375
Colombia-Magdalena-Zona_Bananera,163.98342895507812
Colombia-Meta-Villavicencio,477.54888916015625
Colombia-Meta-Acacias,82.53010559082031
Colombia-Meta-Barranca_De_Upia,22.98474884033203
Colombia-Meta-Cabuyaro,4.747581958770752
Colombia-Meta-Castilla_La_Nueva,28.88602066040039
Colombia-Meta-Cubarral,9.168292999267578
Colombia-Meta-Cumaral,32.53913497924805
Colombia-Meta-El_Calvario,6.505044937133789
Colombia-Meta-El_Castillo,7658.9990234375
Colombia-Meta-El_Dorado,6132.349609375
Colombia-Meta-Fuente_De_Oro,27.542747497558594
Colombia-Meta-Granada,248.09783935546875
Colombia-Meta-Guamal,59.43313217163086
Colombia-Meta-Mapiripan,2.402165174484253
Colombia-Meta-Mesetas,4.267838478088379
Colombia-Meta-La_Macarena,6.444652557373047
Colombia-Meta-Uribe,3.193146228790283
Colombia-Meta-Lejanias,8.06638240814209
Colombia-Meta-Puerto_Concordia,25.633277893066406
Colombia-Meta-Puerto_Gaitan,1.194054126739502
Colombia-Meta-Puerto_Lopez,5.939977645874023
Colombia-Meta-Puerto_Lleras,4.235280990600586
Colombia-Meta-Puerto_Rico,10.08099365234375
Colombia-Meta-Restrepo,137.49783325195312
Colombia-Meta-San_Carlos_De_Guaroa,23.264793395996094
Colombia-Meta-San_Juan_De_Arama,8.038856506347656
Colombia-Meta-San_Juanito,10.399173736572266
Colombia-Meta-San_Martin,4.8640546798706055
Colombia-Meta-Vistahermosa,5.954460144042969
Colombia-Narino-Pasto,518.4656982421875
Colombia-Narino-Alban,145.13699340820312
Colombia-Narino-Aldana,140.08370971679688
Colombia-Narino-Ancuya,102.56416320800781
Colombia-Narino-Arboleda,54.06748962402344
Colombia-Narino-Barbacoas,15.701128005981445
Colombia-Narino-Belen,8364.98046875
Colombia-Narino-Buesaco,57.59471893310547
Colombia-Narino-Colon,46.25395202636719
Colombia-Narino-Consaca,85.03880310058594
Colombia-Narino-Contadero,169.7994842529297
Colombia-Narino-Cordoba,73.65008544921875
Colombia-Narino-Cuaspud,150.32928466796875
Colombia-Narino-Cumbal,50.38226318359375
Colombia-Narino-Cumbitara,58.63288879394531
Colombia-Narino-Chachagui,109.78628540039062
Colombia-Narino-El_Charco,18.712074279785156
Colombia-Narino-El_Penol,221.17884826660156
Colombia-Narino-El_Rosario,19.657203674316406
Colombia-Narino-El_Tablon_De_Gomez,202.4744415283203
Colombia-Narino-El_Tambo,20.992656707763672
Colombia-Narino-Funes,7.321470260620117
Colombia-Narino-Guachucal,96.82362365722656
Colombia-Narino-Guaitarilla,64.69300842285156
Colombia-Narino-Gualmatan,207.0086669921875
Colombia-Narino-Iles,127.52542877197266
Colombia-Narino-Imues,81.20712280273438
Colombia-Narino-Ipiales,110.4156723022461
Colombia-Narino-La_Cruz,87.22188568115234
Colombia-Narino-La_Florida,65.13335418701172
Colombia-Narino-La_Llanada,23.4620361328125
Colombia-Narino-La_Tola,38.50951385498047
Colombia-Narino-La_Union,392.4222412109375
Colombia-Narino-Leiva,183.64120483398438
Colombia-Narino-Linares,59.22231674194336
Colombia-Narino-Los_Andes,6356.5986328125
Colombia-Narino-Magsi,2924.9482421875
Colombia-Narino-Mallama,13.784759521484375
Colombia-Narino-Mosquera,2368.97509765625
Colombia-Narino-Narino,118.5054931640625
Colombia-Narino-Olaya_Herrera,37.552635192871094
Colombia-Narino-Ospina,157.1731719970703
Colombia-Narino-Francisco_Pizarro,37.366485595703125
Colombia-Narino-Policarpa,47.75633239746094
Colombia-Narino-Potosi,46.108333587646484
Colombia-Narino-Providencia,277.560302734375
Colombia-Narino-Puerres,21.98954963684082
Colombia-Narino-Pupiales,167.7227325439453
Colombia-Narino-Ricaurte,144.20648193359375
Colombia-Narino-Roberto_Payan,26.603042602539062
Colombia-Narino-Samaniego,81.46290588378906
Colombia-Narino-Sandona,281.6668701171875
Colombia-Narino-San_Bernardo,53.832984924316406
Colombia-Narino-San_Lorenzo,192.26358032226562
Colombia-Narino-San_Pablo,26.240144729614258
Colombia-Narino-San_Pedro_De_Cartago,158.3873291015625
Colombia-Narino-Santa_Barbara,156.28073120117188
Colombia-Narino-Santacruz,53.832984924316406
Colombia-Narino-Sapuyes,73.4800033569336
Colombia-Narino-Taminango,105.8515625
Colombia-Narino-Tangua,41.7679443359375
Colombia-Narino-San_Andres_De_Tumaco,68.14804077148438
Colombia-Narino-Tuquerres,213.3651123046875
Colombia-Narino-Yacuanquer,107.78968811035156
Colombia-Norte_Santander-Cucuta,663.1236572265625
Colombia-Norte_Santander-Abrego,30.557708740234375
Colombia-Norte_Santander-Arboledas,18.579011917114258
Colombia-Norte_Santander-Bochalema,45.618770599365234
Colombia-Norte_Santander-Bucarasica,15.897113800048828
Colombia-Norte_Santander-Cacota,13.242433547973633
Colombia-Norte_Santander-Cachira,21.091773986816406
Colombia-Norte_Santander-Chinacota,114.68582916259766
Colombia-Norte_Santander-Chitaga,9.324775695800781
Colombia-Norte_Santander-Convencion,14.198381423950195
Colombia-Norte_Santander-Cucutilla,20.69994354248047
Colombia-Norte_Santander-Durania,18.338985443115234
Colombia-Norte_Santander-El_Carmen,8.269972801208496
Colombia-Norte_Santander-El_Tarra,13.913511276245117
Colombia-Norte_Santander-El_Zulia,53.067665100097656
Colombia-Norte_Santander-Gramalote,38.570831298828125
Colombia-Norte_Santander-Hacari,25.791088104248047
Colombia-Norte_Santander-Herran,36.65369415283203
Colombia-Norte_Santander-Labateca,19.411598205566406
Colombia-Norte_Santander-La_Esperanza,20.811344146728516
Colombia-Norte_Santander-La_Playa,38.59788513183594
Colombia-Norte_Santander-Los_Patios,801.9010009765625
Colombia-Norte_Santander-Lourdes,38.365631103515625
Colombia-Norte_Santander-Mutiscua,22.567420959472656
Colombia-Norte_Santander-Ocana,217.16571044921875
Colombia-Norte_Santander-Pamplona,216.29580688476562
Colombia-Norte_Santander-Pamplonita,32.804779052734375
Colombia-Norte_Santander-Puerto_Santander,219.87786865234375
Colombia-Norte_Santander-Ragonvalia,83.70442962646484
Colombia-Norte_Santander-Salazar,16.429031372070312
Colombia-Norte_Santander-San_Calixto,34.964752197265625
Colombia-Norte_Santander-San_Cayetano,20.747108459472656
Colombia-Norte_Santander-Santiago,50.23549270629883
Colombia-Norte_Santander-Sardinata,16.805450439453125
Colombia-Norte_Santander-Silos,14.04356575012207
Colombia-Norte_Santander-Teorama,35.22345733642578
Colombia-Norte_Santander-Tibu,12.76861572265625
Colombia-Norte_Santander-Toledo,12.223987579345703
Colombia-Norte_Santander-Villa_Caro,14.413105010986328
Colombia-Norte_Santander-Villa_Del_Rosario,1379.1610107421875
Colombia-Quindio-Armenia,3085.7080078125
Colombia-Quindio-Buenavista,57.58235168457031
Colombia-Quindio-Calarca,440.4425048828125
Colombia-Quindio-Circasia,311.86431884765625
Colombia-Quindio-Cordoba,73.65008544921875
Colombia-Quindio-Filandia,159.89804077148438
Colombia-Quindio-Genova,22.735050201416016
Colombia-Quindio-La_Tebaida,624.717529296875
Colombia-Quindio-Montenegro,331.18927001953125
Colombia-Quindio-Pijao,21.81972885131836
Colombia-Quindio-Quimbaya,275.74273681640625
Colombia-Quindio-Salento,22.524349212646484
Colombia-Risaralda-Pereira,1749.240478515625
Colombia-Risaralda-Apia,148.8022918701172
Colombia-Risaralda-Balboa,81.27748107910156
Colombia-Risaralda-Belen_De_Umbria,152.89031982421875
Colombia-Risaralda-Dosquebradas,3431.7060546875
Colombia-Risaralda-Guatica,172.1241455078125
Colombia-Risaralda-La_Celia,88.33134460449219
Colombia-Risaralda-La_Virginia,1034.811767578125
Colombia-Risaralda-Marsella,171.22100830078125
Colombia-Risaralda-Mistrato,29.632041931152344
Colombia-Risaralda-Pueblo_Rico,20.683517456054688
Colombia-Risaralda-Quinchia,233.41835021972656
Colombia-Risaralda-Santa_Rosa_De_Cabal,158.7386932373047
Colombia-Risaralda-Santuario,87.2080307006836
Colombia-Santander-Bucaramanga,4447.6796875
Colombia-Santander-Aguada,27.632932662963867
Colombia-Santander-Albania,65.84765625
Colombia-Santander-Aratoca,60.94136047363281
Colombia-Santander-Barbosa,286.28314208984375
Colombia-Santander-Barichara,42.95476531982422
Colombia-Santander-Barrancabermeja,202.57028198242188
Colombia-Santander-Betulia,83.95919799804688
Colombia-Santander-Bolivar,31.51944923400879
Colombia-Santander-Cabrera,11.652786254882812
Colombia-Santander-California,48.92405700683594
Colombia-Santander-Capitanejo,57.49034881591797
Colombia-Santander-Carcasi,18.314884185791016
Colombia-Santander-Cepita,29.831491470336914
Colombia-Santander-Cerrito,149.06585693359375
Colombia-Santander-Charala,31.99941635131836
Colombia-Santander-Charta,23.925769805908203
Colombia-Santander-Chima,19.60552406311035
Colombia-Santander-Chipata,63.8360595703125
Colombia-Santander-Cimitarra,20.17599868774414
Colombia-Santander-Concepcion,35.369972229003906
Colombia-Santander-Confines,41.657203674316406
Colombia-Santander-Contratacion,25.505184173583984
Colombia-Santander-Coromoro,14.961140632629395
Colombia-Santander-Curiti,62.23097229003906
Colombia-Santander-El_Carmen_De_Chucuri,33.17112350463867
Colombia-Santander-El_Guacamayo,7.040977478027344
Colombia-Santander-El_Penon,141.2722625732422
Colombia-Santander-El_Playon,80.62263488769531
Colombia-Santander-Encino,1.006653070449829
Colombia-Santander-Enciso,112.53276062011719
Colombia-Santander-Florian,59.05990982055664
Colombia-Santander-Floridablanca,3623.050537109375
Colombia-Santander-Galan,6132.349609375
Colombia-Santander-Gambita,9.941116333007812
Colombia-Santander-Giron,532.90576171875
Colombia-Santander-Guaca,22.843395233154297
Colombia-Santander-Guadalupe,27.775283813476562
Colombia-Santander-Guapota,34.87291717529297
Colombia-Santander-Guavata,49.79076385498047
Colombia-Santander-Gsepsa,1.194054126739502
Colombia-Santander-Hato,156.34104919433594
Colombia-Santander-Jesus_Maria,33.873470306396484
Colombia-Santander-Jordan,36.69258117675781
Colombia-Santander-La_Belleza,30.62938690185547
Colombia-Santander-Landazuri,31.40911865234375
Colombia-Santander-La_Paz,18.442760467529297
Colombia-Santander-Lebrija,98.76829528808594
Colombia-Santander-Los_Santos,58.44654083251953
Colombia-Santander-Macaravita,17.328781127929688
Colombia-Santander-Malaga,354.3582763671875
Colombia-Santander-Matanza,47.048362731933594
Colombia-Santander-Mogotes,20.504806518554688
Colombia-Santander-Molagavita,20.582279205322266
Colombia-Santander-Ocamonte,66.96141052246094
Colombia-Santander-Oiba,53.485538482666016
Colombia-Santander-Onzaga,9.29130744934082
Colombia-Santander-Palmar,431.6532897949219
Colombia-Santander-Palmas_Del_Socorro,42.533233642578125
Colombia-Santander-Paramo,68.48584747314453
Colombia-Santander-Piedecuesta,438.20733642578125
Colombia-Santander-Pinchote,129.0157470703125
Colombia-Santander-Puente_Nacional,54.32112503051758
Colombia-Santander-Puerto_Parra,14.836522102355957
Colombia-Santander-Puerto_Wilches,24.925947189331055
Colombia-Santander-Rionegro,704.0064697265625
Colombia-Santander-Sabana_De_Torres,16.15127182006836
Colombia-Santander-San_Andres,3573.1337890625
Colombia-Santander-San_Benito,79.74811553955078
Colombia-Santander-San_Gil,363.9663391113281
Colombia-Santander-San_Joaquin,16.298931121826172
Colombia-Santander-San_Jose_De_Miranda,55.662445068359375
Colombia-Santander-San_Miguel,124.69954681396484
Colombia-Santander-San_Vicente_De_Chucuri,39.206382751464844
Colombia-Santander-Santa_Barbara,156.28073120117188
Colombia-Santander-Santa_Helena_Del_Opon,9.433449745178223
Colombia-Santander-Simacota,9.525009155273438
Colombia-Santander-Socorro,309.883056640625
Colombia-Santander-Suaita,39.059574127197266
Colombia-Santander-Sucre,27.961681365966797
Colombia-Santander-Surata,9.860719680786133
Colombia-Santander-Tona,25.835269927978516
Colombia-Santander-Valle_De_San_Jose,48.405155181884766
Colombia-Santander-Velez,38.89286804199219
Colombia-Santander-Vetas,27.865230560302734
Colombia-Santander-Villanueva,112.98785400390625
Colombia-Santander-Zapatoca,23.619956970214844
Colombia-Sucre-Sincelejo,1248.73681640625
Colombia-Sucre-Buenavista,57.58235168457031
Colombia-Sucre-Caimito,38.152618408203125
Colombia-Sucre-Coloso,34.58903503417969
Colombia-Sucre-Corozal,255.38619995117188
Colombia-Sucre-Covenas,356.6762390136719
Colombia-Sucre-Chalan,51.027015686035156
Colombia-Sucre-El_Roble,128.21002197265625
Colombia-Sucre-Galeras,232.02340698242188
Colombia-Sucre-Guaranda,55.757606506347656
Colombia-Sucre-La_Union,392.4222412109375
Colombia-Sucre-Los_Palmitos,94.24706268310547
Colombia-Sucre-Majagual,38.131553649902344
Colombia-Sucre-Morroa,168.20591735839844
Colombia-Sucre-Ovejas,45.10268783569336
Colombia-Sucre-Palmito,107.85354614257812
Colombia-Sucre-Sampues,214.56283569335938
Colombia-Sucre-San_Benito_Abad,26.076091766357422
Colombia-Sucre-San_Juan_De_Betulia,85.13037109375
Colombia-Sucre-San_Marcos,81.60086059570312
Colombia-Sucre-San_Onofre,53.832984924316406
Colombia-Sucre-San_Pedro,111.39256286621094
Colombia-Sucre-San_Luis_De_Since,89.25067138671875
Colombia-Sucre-Sucre,27.961681365966797
Colombia-Sucre-Santiago_De_Tolu,133.13632202148438
Colombia-Sucre-Tolu_Viejo,67.59657287597656
Colombia-Tolima-Ibague,531.1622314453125
Colombia-Tolima-Alpujarra,11.319406509399414
Colombia-Tolima-Alvarado,33.78431701660156
Colombia-Tolima-Ambalema,29.92299461364746
Colombia-Tolima-Anzoategui,69.72933959960938
Colombia-Tolima-Armero,34.15935134887695
Colombia-Tolima-Ataco,24.397844314575195
Colombia-Tolima-Cajamarca,40.970481872558594
Colombia-Tolima-Carmen_De_Apicala,65.62857055664062
Colombia-Tolima-Casabianca,44.01051330566406
Colombia-Tolima-Chaparral,26.075584411621094
Colombia-Tolima-Coello,246.52105712890625
Colombia-Tolima-Coyaima,46.056304931640625
Colombia-Tolima-Cunday,19.215099334716797
Colombia-Tolima-Dolores,12.972248077392578
Colombia-Tolima-Espinal,439.4167175292969
Colombia-Tolima-Falan,55.270301818847656
Colombia-Tolima-Flandes,617.1643676757812
Colombia-Tolima-Fresno,150.41305541992188
Colombia-Tolima-Guamo,75.12352752685547
Colombia-Tolima-Herveo,24.53215789794922
Colombia-Tolima-Honda,83.27932739257812
Colombia-Tolima-Icononzo,61.66167449951172
Colombia-Tolima-Lerida,68.31166076660156
Colombia-Tolima-Libano,158.32565307617188
Colombia-Tolima-Mariquita,142.19378662109375
Colombia-Tolima-Melgar,270.09375
Colombia-Tolima-Murillo,54.104007720947266
Colombia-Tolima-Natagaima,30.37020492553711
Colombia-Tolima-Ortega,38.815650939941406
Colombia-Tolima-Palocabildo,155.26220703125
Colombia-Tolima-Piedras,19.356414794921875
Colombia-Tolima-Planadas,19.874561309814453
Colombia-Tolima-Prado,20.45908546447754
Colombia-Tolima-Purificacion,95.56072998046875
Colombia-Tolima-Rioblanco,11.319406509399414
Colombia-Tolima-Roncesvalles,6.314388275146484
Colombia-Tolima-Rovira,28.94222068786621
Colombia-Tolima-Saldana,80.02473449707031
Colombia-Tolima-San_Antonio,35.874210357666016
Colombia-Tolima-San_Luis,29.677377700805664
Colombia-Tolima-Santa_Isabel,27.223167419433594
Colombia-Tolima-Suarez,31.04425048828125
Colombia-Tolima-Valle_De_San_Juan,40.717674255371094
Colombia-Tolima-Venadillo,70.36863708496094
Colombia-Tolima-Villahermosa,36.301021575927734
Colombia-Tolima-Villarrica,10.082088470458984
Colombia-Valle_Del_Cauca-Cali,4986.8935546875
Colombia-Valle_Del_Cauca-Alcala,710.5547485351562
Colombia-Valle_Del_Cauca-Andalucia,142.84933471679688
Colombia-Valle_Del_Cauca-Ansermanuevo,54.383888244628906
Colombia-Valle_Del_Cauca-Argelia,57.34016799926758
Colombia-Valle_Del_Cauca-Bolivar,31.51944923400879
Colombia-Valle_Del_Cauca-Buenaventura,83.81294250488281
Colombia-Valle_Del_Cauca-Guadalajara_De_Buga,157.84347534179688
Colombia-Valle_Del_Cauca-Bugalagrande,54.774330139160156
Colombia-Valle_Del_Cauca-Caicedonia,138.66226196289062
Colombia-Valle_Del_Cauca-Calima,22.41329574584961
Colombia-Valle_Del_Cauca-Candelaria,6356.5986328125
Colombia-Valle_Del_Cauca-Cartago,647.3724365234375
Colombia-Valle_Del_Cauca-Dagua,45.029380798339844
Colombia-Valle_Del_Cauca-El_Aguila,61.28378677368164
Colombia-Valle_Del_Cauca-El_Cairo,48.53251647949219
Colombia-Valle_Del_Cauca-El_Cerrito,149.06585693359375
Colombia-Valle_Del_Cauca-El_Dovio,29.62303924560547
Colombia-Valle_Del_Cauca-Florida,165.15792846679688
Colombia-Valle_Del_Cauca-Ginebra,91.72135925292969
Colombia-Valle_Del_Cauca-Guacari,251.21896362304688
Colombia-Valle_Del_Cauca-Jamundi,374.324951171875
Colombia-Valle_Del_Cauca-La_Cumbre,48.95257568359375
Colombia-Valle_Del_Cauca-La_Union,392.4222412109375
Colombia-Valle_Del_Cauca-La_Victoria,96.78067779541016
Colombia-Valle_Del_Cauca-Obando,70.89387512207031
Colombia-Valle_Del_Cauca-Palmira,359.47503662109375
Colombia-Valle_Del_Cauca-Pradera,183.23370361328125
Colombia-Valle_Del_Cauca-Restrepo,137.49783325195312
Colombia-Valle_Del_Cauca-Riofrio,49.7283935546875
Colombia-Valle_Del_Cauca-Roldanillo,153.79086303710938
Colombia-Valle_Del_Cauca-San_Pedro,111.39256286621094
Colombia-Valle_Del_Cauca-Sevilla,79.19438171386719
Colombia-Valle_Del_Cauca-Toro,93.13993835449219
Colombia-Valle_Del_Cauca-Trujillo,58.64771270751953
Colombia-Valle_Del_Cauca-Tulua,281.30938720703125
Colombia-Valle_Del_Cauca-Ulloa,424.1517639160156
Colombia-Valle_Del_Cauca-Versalles,32.362586975097656
Colombia-Valle_Del_Cauca-Vijes,171.84527587890625
Colombia-Valle_Del_Cauca-Yotoco,56.084259033203125
Colombia-Valle_Del_Cauca-Yumbo,620.039794921875
Colombia-Valle_Del_Cauca-Zarzal,152.686279296875
Colombia-Arauca-Arauca,11.541993141174316
Colombia-Arauca-Arauquita,16.54627799987793
Colombia-Arauca-Cravo_Norte,0.7731643915176392
Colombia-Arauca-Fortul,40.83136749267578
Colombia-Arauca-Puerto_Rondon,2.031735897064209
Colombia-Arauca-Saravena,87.70478820800781
Colombia-Arauca-Tame,16.856979370117188
Colombia-Casanare-Yopal,127.0841064453125
Colombia-Casanare-Aguazul,53.118621826171875
Colombia-Casanare-Chameza,27.265804290771484
Colombia-Casanare-Hato_Corozal,3.8252382278442383
Colombia-Casanare-La_Salina,9.40138053894043
Colombia-Casanare-Mani,4.093299388885498
Colombia-Casanare-Monterrey,34.61785125732422
Colombia-Casanare-Nunchia,9.349117279052734
Colombia-Casanare-Orocue,2.974320411682129
Colombia-Casanare-Paz_De_Ariporo,3.654496192932129
Colombia-Casanare-Pore,13.117925643920898
Colombia-Casanare-Recetor,695.0650024414062
Colombia-Casanare-Sabanalarga,43.34637451171875
Colombia-Casanare-Sacama,2.9936652183532715
Colombia-Casanare-San_Luis_De_Palenque,29.86107635498047
Colombia-Casanare-Tamara,8.048795700073242
Colombia-Casanare-Tauramena,24.410755157470703
Colombia-Casanare-Trinidad,21.21709442138672
Colombia-Casanare-Villanueva,112.98785400390625
Colombia-Putumayo-Mocoa,52.93745422363281
Colombia-Putumayo-Colon,46.25395202636719
Colombia-Putumayo-Orito,46.701202392578125
Colombia-Putumayo-Puerto_Asis,32.71185302734375
Colombia-Putumayo-Puerto_Caicedo,20.852474212646484
Colombia-Putumayo-Puerto_Guzman,6.864450931549072
Colombia-Putumayo-Leguizamo,1.5809345245361328
Colombia-Putumayo-Sibundoy,246.04489135742188
Colombia-Putumayo-San_Francisco,97.35760498046875
Colombia-Putumayo-San_Miguel,124.69954681396484
Colombia-Putumayo-Santiago,50.23549270629883
Colombia-Putumayo-Valle_Del_Guamuez,122.25155639648438
Colombia-Putumayo-Villagarzon,19.11526870727539
Colombia-San_Andres-San_Andres,3573.1337890625
Colombia-San_Andres-Providencia,277.560302734375
Colombia-Amazonas-Leticia,17.075828552246094
Colombia-Amazonas-El_Encanto,0.724845290184021
Colombia-Amazonas-La_Chorrera,0.5425124168395996
Colombia-Amazonas-La_Pedrera,0.5697851181030273
Colombia-Amazonas-La_Victoria,96.78067779541016
Colombia-Amazonas-Miriti_Parana,0.5697851181030273
Colombia-Amazonas-Puerto_Alegria,0.37099459767341614
Colombia-Amazonas-Puerto_Arica,0.22538726031780243
Colombia-Amazonas-Puerto_Narino,10.440282821655273
Colombia-Amazonas-Puerto_Santander,219.87786865234375
Colombia-Amazonas-Tarapaca,0.8734766244888306
Colombia-Guainia-Inirida,3.794506549835205
Colombia-Guainia-Barranco_Minas,1.3368314504623413
Colombia-Guainia-Mapiripana,0.8007495403289795
Colombia-Guainia-San_Felipe,1.6441576480865479
Colombia-Guainia-Puerto_Colombia,462.7320556640625
Colombia-Guainia-La_Guadalupe,0.808706521987915
Colombia-Guainia-Cacahual,2.261172294616699
Colombia-Guainia-Pana_Pana,0.7249249219894409
Colombia-Guainia-Morichal,0.2943376898765564
Colombia-Guaviare-San_Jose_Del_Guaviare,11.176719665527344
Colombia-Guaviare-Calamar,103.30137634277344
Colombia-Guaviare-El_Retorno,3.148725986480713
Colombia-Guaviare-Miraflores,1.292675256729126
Colombia-Vaupes-Mitu,4.563596725463867
Colombia-Vaupes-Caruru,1.521693468093872
Colombia-Vaupes-Pacoa,1.2651216983795166
Colombia-Vaupes-Taraira,0.4186968207359314
Colombia-Vaupes-Papunaua,0.4173024296760559
Colombia-Vaupes-Yavarate,50.72581100463867
Colombia-Vichada-Puerto_Carreno,1.9199823141098022
Colombia-Vichada-La_Primavera,1.0037622451782227
Colombia-Vichada-Santa_Rosalia,1.3972032070159912
Colombia-Vichada-Cumaribo,0.756411075592041
Colombia-Desconocido-Desconocido,2924.9482421875
Colombia-Bogota-Bogota,6356.5986328125
Colombia-Bogota-Usaquen_Los_Cedros,6356.5986328125
Colombia-Bogota-Usaquen_Santa_Barbara,6356.5986328125
Colombia-Bogota-Barrios_Unidos_Los_Andes,6356.5986328125
Colombia-Bogota-Barrios_Unidos_12_De_Octubre,6356.5986328125
Colombia-Bogota-San_Cristobal_Sociego,6356.5986328125
Colombia-Bogota-Tunjuelito_Venecia,6356.5986328125
Colombia-Bogota-Puente_Aranda_San_Rafael,6356.5986328125
Colombia-Bogota-Kennedy_Americas,6356.5986328125
Colombia-Bogota-Kennedy_Kennedy_Central,6356.5986328125
Colombia-Bogota-Tunjuelito_Tunjuelito,6356.5986328125
Colombia-Bogota-Ciudad_Bolivar_San_Francisco,6356.59912109375
Colombia-Bogota-Engativa_Engativa,6356.59912109375
Colombia-Bogota-Fontibon_Fontibon,6356.5986328125
Colombia-Bogota-Bosa_Bosa_Central,6356.59912109375
Colombia-Bogota-Bosa_Tintal_Sur,6356.59912109375
Colombia-Bogota-La_Candelaria_La_Candelaria,6356.5986328125
Colombia-Bogota-Chapinero_Chico_Lago,6356.5986328125
Colombia-Bogota-Chapinero_Chapinero,6356.5986328125
Colombia-Bogota-Teusaquillo_Teusaquillo,6356.59912109375
Colombia-Bogota-Teusaquillo_La_Esmeralda,6356.5986328125
Colombia-Bogota-Teusaquillo_Quinta_Paredes,6356.59912109375
Colombia-Bogota-Teusaquillo_Ciudad_Salitre_Oriental,6356.599609375
Colombia-Sucre-Tolu,133.13632202148438
Colombia-Sucre-Toluviejo,67.59657287597656
Colombia-Tolima-Armero_Guayabal,29.124433517456055
Colombia-Valle,45.60711669921875
Colombia-Bolivar,31.51944923400879
Colombia-Norte_Santander,17.675363540649414
Colombia-Barranquilla,9729.59375
Colombia-Huila,47.248538970947266
Colombia-Santander,33.17112350463867
Colombia-Cordoba,73.65008544921875
Colombia-Meta,4.29636812210083
Colombia-Tolima,58.56517791748047
Colombia-Atlantico,259.5848388671875
Colombia-Cesar,19.068553924560547
Colombia-Antioquia,75.59451293945312
Colombia-Casanare,3.6544957160949707
Colombia-Santa_Marta,282.2861328125
Colombia-Sucre,27.961681365966797
Colombia-Magdalena,30.55436897277832
Colombia-Bogota,6356.5986328125
Colombia-Caqueta,6.8502302169799805
Colombia-Cundinamarca,796.278564453125
Colombia-Arauca,11.541993141174316
Colombia-Guajira,67.8135986328125
Colombia-Risaralda,20.683517456054688
Colombia-Putumayo,1.5809345245361328
Colombia-Cartagena,2154.119873046875
Colombia-Cauca,89.85438537597656
Colombia-Quindio,440.4425048828125
Colombia-Caldas,8.757612228393555
Colombia-Amazonas,0.33646702766418457
Colombia-Boyaca,112.85114288330078
Colombia-San_Andres,3573.1337890625
Colombia-Buenaventura,83.81294250488281
Colombia-Narino,118.5054931640625
Colombia-Guaviare,3.148725986480713
Colombia-Vichada,0.756411075592041
Colombia-Choco,17.707656860351562
Colombia-Vaupes,4.563596725463867
Colombia-Guainia,0.8007495403289795
Colombia-Exterior,11792.9208984375
Colombia-unknown,2924.9482421875
Colombia-desconocido,2924.9482421875
Dominican_Republic-Azua-Compostela,3252.601806640625
Dominican_Republic-Barahona,2050.2607421875
Dominican_Republic-Distrito_Nacional,12376.0859375
Dominican_Republic-Independencia,18.34076690673828
Dominican_Republic-Jimani_de_Independencia,125.54764556884766
Dominican_Republic-Luperon-Puerto_Plata,651.6904296875
Dominican_Republic-Santa_Cruz-Barahona,2050.2607421875
Dominican_Republic-Santiago-Caballeros,4150.2216796875
Dominican_Republic-Santo_Domingo,12376.0859375
Dominican_Republic-Santo_Domingo_Norte,565.421630859375
Dominican_Republic-Santo_Domingo_Este,9760.294921875
Dominican_Republic-Santo_Domingo_Oeste,9507.8349609375
Dominican_Republic-Distrito_Nacional,12376.0859375
Dominican_Republic-Azua,3252.601806640625
Dominican_Republic-Baoruco,207.67312622070312
Dominican_Republic-Barahona,2050.2607421875
Dominican_Republic-Dajabon,908.3621826171875
Dominican_Republic-Duarte,110.77558898925781
Dominican_Republic-Elias_Pina,26.738357543945312
Dominican_Republic-El_Seibo,62.58531951904297
Dominican_Republic-Espaillat,228.31173706054688
Dominican_Republic-Independencia,18.34076690673828
Dominican_Republic-La_Altagracia,283.8543395996094
Dominican_Republic-La_Romana,623.6870727539062
Dominican_Republic-La_Vega,448.63238525390625
Dominican_Republic-Maria_Trinidad_Sanchez,1011.5184326171875
Dominican_Republic-Monte_Cristi,44.23590087890625
Dominican_Republic-Pedernales,85.20275115966797
Dominican_Republic-Peravia,419.77581787109375
Dominican_Republic-Puerto_Plata,651.6904296875
Dominican_Republic-Hermanas_Mirabal,283.4869689941406
Dominican_Republic-Samana,177.5342559814453
Dominican_Republic-San_Cristobal,1514.53857421875
Dominican_Republic-San_Juan,316.2856750488281
Dominican_Republic-San_Pedro_de_Macoris,1993.464599609375
Dominican_Republic-Sanchez_Ramirez,147.1822509765625
Dominican_Republic-Santiago,4150.2216796875
Dominican_Republic-Santiago-Rodriguez,41.27574920654297
Dominican_Republic-Valverde,983.0484008789062
Dominican_Republic-Monsenor_Nouel,523.837890625
Dominican_Republic-Monte_Plata,354.8603515625
Dominican_Republic-Hato_Mayor,24.762672424316406
Dominican_Republic-San_Jose_de_Ocoa,218.1297607421875
Dominican_Republic-Santo_Domingo,12376.0859375
Dominican_Republic-Extranjera,198.68756103515625
Dominican_Republic-Other,198.68756103515625
Ecuador-Azuay-Cuenca,5303.0068359375
Ecuador-Bolivar,151.37063598632812
Ecuador-Chimborazo-Chunchi,67.44215393066406
Ecuador-Cotopaxi,42.95606994628906
Ecuador-El_Oro-Huaquillas,1374.49365234375
Ecuador-El_Oro-Machala,1471.0333251953125
Ecuador-El_Oro-Pasaje,467.1458435058594
Ecuador-El_Oro-Santa_Rosa,356.6400146484375
Ecuador-Esmeraldas-Esmeraldas,2939.078125
Ecuador-Esmeraldas-Atacames,206.9725341796875
Ecuador-Esmeraldas-Muisne,67.2261962890625
Ecuador-Esmeraldas-Quininde,62.59082794189453
Ecuador-Esmeraldas-San_Lorenzo,54.53178024291992
Ecuador-Esmeraldas-Rioverde,84.18666076660156
Ecuador-Galapagos-Santa_Cruz,2.7774698734283447
Ecuador-Imbabura-Otavalo,718.284912109375
Ecuador-Guayas-Daule,575.0009765625
Ecuador-Guayas-General_Antonio_Elizalde,84.6178207397461
Ecuador-Guayas-Guayaquil,1303.386962890625
Ecuador-Guayas-Playas,192.04129028320312
Ecuador-Guayas-Balzar,54.65317916870117
Ecuador-Los_Rios-Buena_Fe,139.14678955078125
Ecuador-Los_Rios-Quevedo,1025.641845703125
Ecuador-Los_Rios-Ventanas,330.3984069824219
Ecuador-Los_Rios-Vinces,122.62074279785156
Ecuador-Manabi-Jipijapa,143.42828369140625
Ecuador-Los_Rios-Jaramijo,221.9373779296875
Ecuador-Manabi-Chone,105.61061096191406
Ecuador-Manabi-Manta,1333.324462890625
Ecuador-Manabi-Pajan,92.96832275390625
Ecuador-Manabi-Pedernales,51.561851501464844
Ecuador-Manabi-Portoviejo,621.662353515625
Ecuador-Manabi-Puerto_Lopez,63.52107238769531
Ecuador-Manabi-Rocafuerte,139.45001220703125
Ecuador-Manabi-Santa_Ana,82.37881469726562
Ecuador-Manabi-San_Vicente,56.25702667236328
Ecuador-Manabi-24_de_Mayo,5428.548828125
Ecuador-Manabi-Tosagua,137.0556182861328
Ecuador-Manabi-Sucre,79.64288330078125
Ecuador-Orellana_Joya_de_los_Sachas,151.1546630859375
Ecuador-Pichincha-Mejia,76.48725891113281
Ecuador-Pichincha-Quito,5428.548828125
Ecuador-Pichincha-Cayambe,166.2379150390625
Ecuador-Santa_Elena,307.060791015625
Ecuador-Santo_Domingo_de_los_Tsachilas-La_Concordia,166.2632293701172
Ecuador-Santo_Domingo_de_los_Tsachilas-Santo_Domingo,367.63079833984375
Ecuador-Sucumbios-Shushufindi,83.25965881347656
Ecuador-Sucumbios-Lago_Agrio,217.67611694335938
Ecuador-Azuay,5303.0068359375
Ecuador-Esmeraldas,2939.078125
Ecuador-Chimborazo,50.11248779296875
Ecuador-Galapagos,2.0986151695251465
Ecuador-Orellana,572.0955810546875
Ecuador-Guayas,75.21554565429688
Ecuador-Pichincha,5428.548828125
Ecuador-Los_Rios,1025.641845703125
Ecuador-Santo_Domingo_de_los_Tsachilas,367.6307373046875
Ecuador-Sucumbios,217.6761016845703
Ecuador-El_Oro,1471.033447265625
Ecuador-Manabi,621.662353515625
Ecuador-Loja,704.2467041015625
Ecuador-Napo,213.48333740234375
Ecuador-Canar,190.8298797607422
Ecuador-Imbabura,683.337158203125
Ecuador-Carchi,56.011558532714844
Ecuador-Manabi-Montecristi,121.26436614990234
Ecuador-Tungurahua,114.0572509765625
El_Salvador-Ahuachapan,548.8471069335938
El_Salvador-Cabanas,194.17991638183594
El_Salvador-Chalatenango,109.30896759033203
El_Salvador-Cuscatlan,140.90283203125
El_Salvador-La_Libertad,278.7900390625
El_Salvador-La_Paz,331.3556823730469
El_Salvador-La_Union,222.5365447998047
El_Salvador-Morazan,185.5107421875
El_Salvador-San_Miguel,392.8548583984375
El_Salvador-San_Salvador,3471.0458984375
El_Salvador-San_Vicente,215.90576171875
El_Salvador-Santa_Ana,693.1297607421875
El_Salvador-Sonsonate,368.640380859375
El_Salvador-Usulutan,417.8297119140625
El_Salvador-Guatemala,4050.86376953125
El_Salvador-Honduras,4050.86376953125
Guatemala-Chiquimula,302.9764709472656
Guatemala-Chimaltenango,2834.4560546875
Guatemala-Escuintla,327.19464111328125
Guatemala-Suchitepequez,161.30096435546875
Guatemala-Zacapa,163.91004943847656
Guatemala-Jutiapa,245.1189727783203
Guatemala-Nor_Oriente,4705.73876953125
Guatemala-Alta_Verapaz,209.80401611328125
Guatemala-Baja_Verapaz,105.22023010253906
Guatemala-Izabal,32.56488037109375
Guatemala-Ixcan,111.38699340820312
Guatemala-Jalapa,227.11949157714844
Guatemala-Peten_Norte,21.74430274963379
Guatemala-Quetzaltenango,1319.4140625
Guatemala-San_Marcos,616.7932739257812
Guatemala-Sur,1286.22802734375
Guatemala-Nor_Occidente,5432.2353515625
Guatemala-Peten_Sur_Oriental,55.31553649902344
Guatemala-El_Progreso,131.66270446777344
Guatemala-Santa_Rosa,173.44650268554688
Guatemala-Retalhuleu,129.33938598632812
Guatemala-Sacatepequez,1192.45361328125
Guatemala-Solola,1132.676513671875
Guatemala-El_Quiche,92.34140014648438
Guatemala-Peten_Sur_Occidental,21.74430274963379
Guatemala-Central,56.83631896972656
Guatemala-Ixil,151.69842529296875
Guatemala-Huehuetenango,136.5113525390625
Guatemala-Totonicapan,662.3096923828125
Guatemala-Quiche,92.34140014648438
Haiti-Artibonite-Desssalines_Marchand,748.3342895507812
Haiti-Artibonite-Ennery,385.2548828125
Haiti-Artibonite-Gonaives,3054.81787109375
Haiti-Artibonite-Verrettes,435.5438537597656
Haiti-Artibonite,415.31524658203125
Haiti-Centre-Hinche,404.7184753417969
Haiti-Centre-Maissade,312.4395446777344
Haiti-Centre-Mirebalais,392.2281494140625
Haiti-Centre,263.0572814941406
Haiti-Grande_Anse-Corail,260.15325927734375
Haiti-Grande_Anse-Dame_Marie,552.1328735351562
Haiti-Grande_Anse-Roseaux,239.10382080078125
Haiti-Grande_Anse,315.80023193359375
Haiti-Nippes-Fond_Des_Negres,424.3360595703125
Haiti-Nippes-Miragoane,1067.05615234375
Haiti-Nippes,388.4007263183594
Haiti-Nord-Cap_Haitien,8909.734375
Haiti-Nord-Limbe,3684.20703125
Haiti-Nord-Milot,1176.9727783203125
Haiti-Nord-Pignon,521.5526123046875
Haiti-Nord-Plaine_du_Nord,759.0368041992188
Haiti-Nord-Plaisance,1584.0394287109375
Haiti-Nord,1756.3409423828125
Haiti-Nord_Est-Ouanaminthe,1661.0377197265625
Haiti-Nord_Est,51.42595672607422
Haiti-Nord_Ouest-La_Tortue,227.15951538085938
Haiti-Nord_Ouest-Saint_Louis_du_Nord,2633.9404296875
Haiti-Nord_Ouest,267.92584228515625
Haiti-Ouest-Carrefour,19935.478515625
Haiti-Ouest-Croix_des_Bouquets,3529.599853515625
Haiti-Ouest-Delmas,24117.15625
Haiti-Ouest-Petion_Ville,7284.19775390625
Haiti-Ouest-Petit_Goave,4691.6728515625
Haiti-Ouest-Port_au_Prince,8698.419921875
Haiti-Ouest,1030.8001708984375
Haiti-Sud-Aquin,342.61602783203125
Haiti-Sud,326.2386169433594
Haiti-Sud_Est-Anse_A_Pitres,141.02984619140625
Haiti-Sud_Est-Cotes_de_Fer,240.75506591796875
Haiti-Sud_Est-Marigot,761.3251953125
Haiti-Sud_Est,894.4892578125
Mexico-Aguascalientes,7810.2490234375
Mexico-Baja_California,0.026155754923820496
Mexico-Baja_California_Sur,0.69289231300354
Mexico-Campeche,0.06487607955932617
Mexico-Chiapas,7786.619140625
Mexico-Chihuahua,4778.333984375
Mexico-Coahuila_de_Zaragoza,5.0378289222717285
Mexico-Colima,10.11670970916748
Mexico-Distrito_Federal,14325.6171875
Mexico-Durango,12.651546478271484
Mexico-Guanajuato,8491.0224609375
Mexico-Guerrero,29.28565788269043
Mexico-Hidalgo,1651.119873046875
Mexico-Jalisco,4593.8408203125
Mexico-Mexico,7.910103797912598
Mexico-Michoacan_de_Ocampo,188.32546997070312
Mexico-Morelos,243.17239379882812
Mexico-Nayarit,8.520962715148926
Mexico-Nuevo_Leon,4271.4140625
Mexico-Oaxaca,5096.3232421875
Mexico-Puebla,6606.7060546875
Mexico-Queretaro_de_Arteaga,6959.10400390625
Mexico-Quintana_Roo,6.076494216918945
Mexico-San_Luis_Potosi,7812.388671875
Mexico-Sinaloa,2.235557794570923
Mexico-Sonora,0.04773048311471939
Mexico-Tabasco,53.38535690307617
Mexico-Tamaulipas,2.593869686126709
Mexico-Tlaxcala,4342.1474609375
Mexico-Veracruz_de_Ignacio_de_la_Llave,45.63874053955078
Mexico-Yucatan,4.269870758056641
Mexico-Zacatecas,8414.69140625
Nicaragua-Chinandega,194.61260986328125
Nicaragua-Chinandega-San_Pedro_del_Norte,64.1606674194336
Nicaragua-Leon,240.58729553222656
Nicaragua-Leon-Quetzalguaque,123.17100524902344
Nicaragua-Leon-Telica,60.93349838256836
Nicaragua-Managua,4173.90966796875
Nicaragua-Managua-Ciudad_Sandino,2353.492431640625
Nicaragua-Masaya-Masatepe,719.3567504882812
Nicaragua-Masaya-Nindiri,387.7846984863281
Nicaragua-Masaya-San_Juan_de_Oriente,869.7952880859375
Nicaragua-Matagalpa,297.59381103515625
Nicaragua-Nueva_Segovia-Ocotal,606.1177978515625
Nicaragua-Rivas-Cardenas,53.17512512207031
Nicaragua-Other,55.038055419921875
Nicaragua-Rivas,163.64163208007812
Nicaragua-Masaya,1227.1669921875
Nicaragua-Carazo,114.35311889648438
Nicaragua-Granada,193.20333862304688
Nicaragua-Nueva_Segovia,51.03972625732422
Nicaragua-Jinotega,171.13250732421875
Panama-Kuna_Yala-Acuatupu,18.77334213256836
Panama-Kuna_Yala-Mulatupu,19.993396759033203
Panama-Kuna_Yala-Ogobsucum,19.993396759033203
Panama-Kuna_Yala-Ustupu,18.77334213256836
Panama-Kuna_Yala-Achutupu,18.77334213256836
Panama-Kuna_Yala-Pto_Obaldia,19.993396759033203
Panama-Kuna_Yala-Playon_Chico,18.77334213256836
Panama-Kuna_Yala-Nargana,12.695869445800781
Panama-Kuna_Yala-Corazon_de_Jesus,12.695869445800781
Panama-Kuna_Yala-Rio_Azucar,12.695869445800781
Panama-Kuna_Yala-Rio_Sidra,12.695869445800781
Panama-Kuna_Yala-Carti_Sugdup,19.993396759033203
Panama-Kuna_Yala-Ailigandi,19.993396759033203
Panama-Kuna_Yala-Ailitupu,19.993396759033203
Panama-Kuna_Yala-Nalugena,19.993396759033203
Panama-Kuna_Yala-Mamitupu,18.773344039916992
Panama-Kuna_Yala-Wichubhula,19.993396759033203
Panama-Kuna_Yala-Soledad_Miria,12.695870399475098
Panama-Kuna_Yala-Soledad_Miriam,12.695870399475098
Panama-Kuna_Yala-Naranjo_Chico,12.695870399475098
Panama-Metro-Tocumen,1172.26513671875
Panama-Metro-SanFrancisco,10210.58984375
Panama-Metro-Man_anitas,2127.66943359375
Panama-Metro-Calidonia,16169.60546875
Panama-Metro-Juan_Diaz,3339.0087890625
Panama-Metro-Parque_Lefevre,6783.27783203125
Panama-Metro-Santa_Ana,12731.431640625
Panama-Metro-Rio_Abajo,7259.74267578125
Panama-Metro-Pueblo_Nuevo,7561.4921875
Panama-Metro-Chorrillo,7821.94775390625
Panama-Metro-Bella_Vista,10285.8818359375
Panama-Metro-Bethania,4776.39794921875
Panama-Metro-Ancon,178.64511108398438
Panama-Metro-San_Felipe,24970.1328125
Panama-Metro-Pedregal,3514.25
Panama-Metro-24_de_Diciembre,1096.4989013671875
Panama-Metro-Clayton,227.3785858154297
Panama-Metro-Costa_del_Este,5490.580078125
Panama-Metro-Taboga,105.47528076171875
Panama-Metro-Las_Garzas,24970.1328125
Panama-Metro-Arnulfo_Arias,10528.51953125
Panama-Metro-Gamboa,95.8555908203125
Panama-Metro-Veracruz,892.901611328125
Panama-Panama_Oeste-Gorgona,219.28518676757812
Panama-Panama_Oeste-Guadalupe,5438.447265625
Panama-Panama_Oeste-Arraija_n,726.607421875
Panama-Panama_Oeste-La_Chorrera,3034.531005859375
Panama-Panama_Oeste-Playa_Leona,227.55474853515625
Panama-Panama_Oeste-El_Coco,1632.139892578125
Panama-Panama_Oeste-La_Mitra,488.29632568359375
Panama-Panama_Oeste-Vista_Alegre,3720.7470703125
Panama-Panama_Norte-las_cumbres,1982.912109375
Panama-Panama_Norte-Chilibre,67.16465759277344
Panama-Panama_Norte-Ernesto_Cordoba,2443.093505859375
Panama-Colon-Salamanca,10.843720436096191
Panama-Colon-San_Juan,206.90740966796875
Panama-San_Miguelito-Villas_del_Golf,535.8929443359375
Panama-San_Miguelito-San_Jose,5.062478065490723
Panama-San_Miguelito-Quintas_de_Montichello,6801.34423828125
Panama-San_Miguelito-Mano_de_Piedra,75.21585083007812
Panama-San_Miguelito-Samaria,11214.02734375
Panama-San_Miguelito-Altos_de_Panama,2168.789794921875
Panama-San_Miguelito-Camino_Real,3722.04736328125
Panama-San_Miguelito-Condado_del_Rey,4790.482421875
Panama-San_Miguelito-Villa_Lucre,11670.1767578125
Panama-San_Miguelito-Brisas_del_Golf,5195.26025390625
Panama-San_Miguelito-Victoriano_Lorenzo,7430.234375
Panama-San_Miguelito-Omar_Torrijos,4624.54052734375
Panama-San_Miguelito-Ojo_de_Agua,52.009586334228516
Panama-San_Miguelito-Villa_Guadalupe,6892.4267578125
Panama-San_Los_Santos-La_Villa,156.24949645996094
Panama-Darien-Rio_Congo,3.3934450149536133
Panama-Herrera-Chitre,721.0010375976562
Panama-Sin_Especificar,19.993396759033203
Panama-San_Miguelito,10528.51953125
Panama-Chiriqui,52.248016357421875
Panama-Kuna_Yala,18.77334213256836
Panama-Metro,22878.96484375
Panama-P_Oeste,157.14830017089844
Panama-Costa_del_Este,5490.580078125
Panama-P.Este-Las_Margaritas,61.04036331176758
Panama-Veraguas-Santiago,474.4801940917969
Panama-Darien,0.9715133309364319
Panama-Herrera,34.72913360595703
Panama-Ngabe_Bugle,9.5769624710083
Panama-Veraguas,25.58414077758789
Panama-Panama_Norte,1394.28369140625
Panama-Importados,8095.056640625
Panama-Panama_Este,13518.5595703125
Panama-Bocas_del_Toro,138.64913940429688
Panama-Panama_Oeste,19.993396759033203
Panama-Los_Santos,10.504312515258789
Panama-Bocas_del_Toro-Bastimento,42.69947814941406
Panama-Bocas_del_Toro-Bocas_del_Toro,138.64913940429688
Panama-Cocle,22.8085880279541
Panama-Cocle-Rio_Hato,94.65104675292969
Panama-Colon,3637.561767578125
Panama-SD,19.993396759033203
United_States-Puerto_Rico,1966.2645263671875
United_States-Alabama,8.525882720947266
United_States-Arizona,0.057856328785419464
United_States-Arkansas,32.924957275390625
United_States-California,28.92959976196289
United_States-Colorado,0.1714942902326584
United_States-Connecticut,816.0541381835938
United_States-Delaware,73.29888916015625
United_States-District_of_Columbia,7953.88623046875
United_States-Florida,32.40045166015625
United_States-Georgia,9.850274085998535
United_States-Illinois,8.198667526245117
United_States-Indiana,15.49669075012207
United_States-Iowa,1.9218940734863281
United_States-Idaho,0.03507591784000397
United_States-Kansas,0.14728519320487976
United_States-Kentucky,32.847068786621094
United_States-Louisiana,30.927490234375
United_States-Maine,6.144123077392578
United_States-Maryland,192.44955444335938
United_States-Massachusetts,59.07201385498047
United_States-Michigan,5.506025314331055
United_States-Minnesota,3.4616806507110596
United_States-Mississippi,13.658160209655762
United_States-Missouri,39.00273132324219
United_States-Montana,0.022715456783771515
United_States-Nebraska,0.835295557975769
United_States-Nevada,0.00795837678015232
United_States-New_Hampshire,152.44107055664062
United_States-New_Jersey,33.96152877807617
United_States-New_Mexico,0.005322497338056564
United_States-New_York,22038.994140625
United_States-North_Carolina,26.094127655029297
United_States-North_Dakota,0.26033246517181396
United_States-Ohio,31.49454116821289
United_States-Oklahoma,6.019553184509277
United_States-Oregon,0.1839526742696762
United_States-Pennsylvania,52.845359802246094
United_States-Puerto_Rico,1966.2645263671875
United_States-Rhode_Island,210.45669555664062
United_States-South_Carolina,127.50901794433594
United_States-South_Dakota,0.11815658211708069
United_States-Tennessee,12.374276161193848
United_States-Texas,0.32707321643829346
United_States-US_Virgin_Islands,835.0464477539062
United_States-Utah,0.045150622725486755
United_States-Vermont,147.62908935546875
United_States-Virginia,1.2369799613952637
United_States-Washington,7.217485427856445
United_States-West_Virginia,2.7016305923461914
United_States-Wyoming,0.03893524780869484
United_States-Wisconsin,9.017390251159668
United_States-Florida-Alachua_County,1149.6954345703125
United_States-Florida-Baker_County,118.60404205322266
United_States-Florida-Bay_County,845.082275390625
United_States-Florida-Bradford_County,979.6985473632812
United_States-Florida-Brevard_County,712.3817749023438
United_States-Florida-Broward_County,233.56692504882812
United_States-Florida-Calhoun_County,624.7852783203125
United_States-Florida-Charlotte_County,2444.838623046875
United_States-Florida-Citrus_County,161.43878173828125
United_States-Florida-Clay_County,141.57289123535156
United_States-Florida-Collier_County,0.21539677679538727
United_States-Florida-Columbia_County,1200.752685546875
United_States-Florida-DeSoto_County,1193.3837890625
United_States-Florida-Dixie_County,21.72025489807129
United_States-Florida-Duval_County,1926.7315673828125
United_States-Florida-Escambia_County,124.36100006103516
United_States-Florida-Flagler_County,13.718985557556152
United_States-Florida-Franklin_County,1002.823486328125
United_States-Florida-Gadsden_County,847.4251708984375
United_States-Florida-Gilchrist_County,17.946941375732422
United_States-Florida-Glades_County,105.57736206054688
United_States-Florida-Gulf_County,212.13226318359375
United_States-Florida-Hamilton_County,2256.3193359375
United_States-Florida-Hardee_County,1.2695484161376953
United_States-Florida-Hendry_County,31.729061126708984
United_States-Florida-Hernando_County,705.5292358398438
United_States-Florida-Highlands_County,85.18490600585938
United_States-Florida-Hillsborough_County,981.238525390625
United_States-Florida-Holmes_County,534.047607421875
United_States-Florida-IndianRiver_County,267.8310241699219
United_States-Florida-Jackson_County,382.1160888671875
United_States-Florida-Jefferson_County,432.7188720703125
United_States-Florida-Lafayette_County,1978.0091552734375
United_States-Florida-Lake_County,24.22261619567871
United_States-Florida-Lee_County,11.766317367553711
United_States-Florida-Leon_County,202.400390625
United_States-Florida-Levy_County,1.9312294721603394
United_States-Florida-Liberty_County,1503.3988037109375
United_States-Florida-Madison_County,7669.705078125
United_States-Florida-Manatee_County,22.745786666870117
United_States-Florida-Marion_County,1156.8443603515625
United_States-Florida-Martin_County,951.880859375
United_States-Florida-Miami_Dade_County,3.400381326675415
United_States-Florida-Monroe_County,802.9696655273438
United_States-Florida-Nassau_County,1312.159423828125
United_States-Florida-Okaloosa_County,17.466238021850586
United_States-Florida-Okeechobee_County,505.41741943359375
United_States-Florida-Orange_County,3343.263671875
United_States-Florida-Osceola_County,346.3033447265625
United_States-Florida-PalmBeach_County,705.2325439453125
United_States-Florida-Pasco_County,2548.01953125
United_States-Florida-Pinellas_County,1943.6373291015625
United_States-Florida-Polk_County,11.489856719970703
United_States-Florida-Putnam_County,69.35182189941406
United_States-Florida-SantaRosa_County,2641.21630859375
United_States-Florida-Sarasota_County,1836.7506103515625
United_States-Florida-Seminole_County,1526.5706787109375
United_States-Florida-StJohns_County,38.142784118652344
United_States-Florida-StLucie_County,4.75126838684082
United_States-Florida-Sumter_County,717.5541381835938
United_States-Florida-Suwannee_County,42.78505325317383
United_States-Florida-Taylor_County,1293.7611083984375
United_States-Florida-Union_County,3.85028076171875
United_States-Florida-Volusia_County,42.177677154541016
United_States-Florida-Wakulla_County,43.01987838745117
United_States-Florida-Walton_County,492.47406005859375
United_States-Florida-Washington_County,7.217485427856445
United_States_Virgin_Islands,835.0464477539062
United_States_Virgin_Islands-Saint_Thomas,835.0464477539062
United_States_Virgin_Islands-Saint_Croix,113.24844360351562
United_States_Virgin_Islands-Saint_John,37.42814636230469
